sex,age_group,rank,cause,death_count_2024,death_rate_per_100k_2024
계,전체,1위,악성신생물,88933.0,174.3
계,전체,2위,심장 질환,33539.0,65.7
계,전체,3위,폐렴,30103.0,59.0
계,전체,4위,뇌혈관 질환,24612.0,48.2
계,전체,5위,고의적 자해(자살),14872.0,29.1
계,전체,6위,알쯔하이머병,12223.0,23.9
계,전체,7위,당뇨병,11064.0,21.7
계,전체,8위,고혈압성 질환,8229.0,16.1
계,전체,9위,간의 질환,7787.0,15.3
계,전체,10위,패혈증,7730.0,15.1
계,0세,1위,출생전후기에 기원한 특정 병태,255.0,110.6
계,0세,2위,"선천 기형, 변형 및 염색체 이상",104.0,45.1
계,0세,3위,영아 급사 증후군,47.0,20.4
계,0세,4위,가해(타살),12.0,5.2
계,0세,5위,심장 질환,9.0,3.9
계,0세,6위,악성신생물,7.0,3.0
계,0세,7위,폐렴,6.0,2.6
계,0세,8위,나머지 특정 감염성 및 기생충성 질환,3.0,1.3
계,0세,9위,뇌혈관 질환,3.0,1.3
계,0세,10위,기타 급성 하기도 감염,3.0,1.3
계,1-9세,1위,악성신생물,53.0,1.8
계,1-9세,2위,"선천 기형, 변형 및 염색체 이상",29.0,1.0
계,1-9세,3위,가해(타살),23.0,0.8
계,1-9세,4위,운수 사고,19.0,0.6
계,1-9세,5위,심장 질환,15.0,0.5
계,1-9세,6위,불의의 물에 빠짐(익사),10.0,0.3
계,1-9세,7위,폐렴,7.0,0.2
계,1-9세,8위,출생전후기에 기원한 특정 병태,6.0,0.2
계,1-9세,9위,추락,5.0,0.2
계,1-9세,10위,뇌혈관 질환,4.0,0.1
계,10-19세,1위,고의적 자해(자살),372.0,8.0
계,10-19세,2위,악성신생물,91.0,2.0
계,10-19세,3위,운수 사고,66.0,1.4
계,10-19세,4위,심장 질환,22.0,0.5
계,10-19세,5위,"선천 기형, 변형 및 염색체 이상",22.0,0.5
계,10-19세,6위,불의의 물에 빠짐(익사),11.0,0.2
계,10-19세,7위,가해(타살),11.0,0.2
계,10-19세,8위,뇌혈관 질환,9.0,0.2
계,10-19세,9위,폐렴,8.0,0.2
계,10-19세,10위,패혈증,6.0,0.1
계,20-29세,1위,고의적 자해(자살),1366.0,22.5
계,20-29세,2위,악성신생물,274.0,4.5
계,20-29세,3위,운수 사고,188.0,3.1
계,20-29세,4위,심장 질환,54.0,0.9
계,20-29세,5위,뇌혈관 질환,44.0,0.7
계,20-29세,6위,추락,29.0,0.5
계,20-29세,7위,간의 질환,26.0,0.4
계,20-29세,8위,폐렴,25.0,0.4
계,20-29세,9위,당뇨병,24.0,0.4
계,20-29세,10위,가해(타살),23.0,0.4
계,30-39세,1위,고의적 자해(자살),1995.0,30.4
계,30-39세,2위,악성신생물,680.0,10.3
계,30-39세,3위,심장 질환,242.0,3.7
계,30-39세,4위,간의 질환,207.0,3.1
계,30-39세,5위,운수 사고,192.0,2.9
계,30-39세,6위,뇌혈관 질환,172.0,2.6
계,30-39세,7위,당뇨병,84.0,1.3
계,30-39세,8위,폐렴,50.0,0.8
계,30-39세,9위,추락,42.0,0.6
계,30-39세,10위,유독성 물질에 의한 불의의 중독 및 노출 ,27.0,0.4
계,40-49세,1위,고의적 자해(자살),2817.0,36.2
계,40-49세,2위,악성신생물,2659.0,34.2
계,40-49세,3위,간의 질환,946.0,12.2
계,40-49세,4위,심장 질환,750.0,9.6
계,40-49세,5위,뇌혈관 질환,572.0,7.4
계,40-49세,6위,운수 사고,289.0,3.7
계,40-49세,7위,당뇨병,213.0,2.7
계,40-49세,8위,폐렴,163.0,2.1
계,40-49세,9위,정신활성 물질 사용에 의한 정신 및 행동 장애 ,133.0,1.7
계,40-49세,10위,추락,109.0,1.4
계,50-59세,1위,악성신생물,8916.0,103.2
계,50-59세,2위,고의적 자해(자살),3151.0,36.5
계,50-59세,3위,심장 질환,2088.0,24.2
계,50-59세,4위,간의 질환,2052.0,23.8
계,50-59세,5위,뇌혈관 질환,1475.0,17.1
계,50-59세,6위,당뇨병,765.0,8.9
계,50-59세,7위,폐렴,512.0,5.9
계,50-59세,8위,운수 사고,484.0,5.6
계,50-59세,9위,추락,369.0,4.3
계,50-59세,10위,정신활성 물질 사용에 의한 정신 및 행동 장애 ,315.0,3.6
계,60-69세,1위,악성신생물,19743.0,257.1
계,60-69세,2위,심장 질환,3997.0,52.0
계,60-69세,3위,뇌혈관 질환,3004.0,39.1
계,60-69세,4위,고의적 자해(자살),2449.0,31.9
계,60-69세,5위,간의 질환,2000.0,26.0
계,60-69세,6위,폐렴,1730.0,22.5
계,60-69세,7위,당뇨병,1632.0,21.3
계,60-69세,8위,운수 사고,803.0,10.5
계,60-69세,9위,추락,587.0,7.6
계,60-69세,10위,패혈증,537.0,7.0
계,70-79세,1위,악성신생물,24960.0,614.4
계,70-79세,2위,심장 질환,5949.0,146.4
계,70-79세,3위,뇌혈관 질환,5152.0,126.8
계,70-79세,4위,폐렴,4797.0,118.1
계,70-79세,5위,당뇨병,2481.0,61.1
계,70-79세,6위,고의적 자해(자살),1448.0,35.6
계,70-79세,7위,만성 하기도 질환,1418.0,34.9
계,70-79세,8위,패혈증,1342.0,33.0
계,70-79세,9위,알쯔하이머병,1193.0,29.4
계,70-79세,10위,간의 질환,1193.0,29.4
계,80세 이상,1위,악성신생물,31547.0,1319.5
계,80세 이상,2위,폐렴,22797.0,953.5
계,80세 이상,3위,심장 질환,20411.0,853.7
계,80세 이상,4위,뇌혈관 질환,14175.0,592.9
계,80세 이상,5위,알쯔하이머병,10622.0,444.3
계,80세 이상,6위,고혈압성 질환,6431.0,269.0
계,80세 이상,7위,당뇨병,5860.0,245.1
계,80세 이상,8위,패혈증,5569.0,232.9
계,80세 이상,9위,만성 하기도 질환,4263.0,178.3
계,80세 이상,10위,코로나19,2316.0,96.9
계,15세 미만,1위,출생전후기에 기원한 특정 병태,261.0,4.7
계,15세 미만,2위,"선천 기형, 변형 및 염색체 이상",148.0,2.7
계,15세 미만,3위,악성신생물,101.0,1.8
계,15세 미만,4위,고의적 자해(자살),82.0,1.5
계,15세 미만,5위,영아 급사 증후군,47.0,0.8
계,15세 미만,6위,가해(타살),39.0,0.7
계,15세 미만,7위,심장 질환,34.0,0.6
계,15세 미만,8위,운수 사고,33.0,0.6
계,15세 미만,9위,불의의 물에 빠짐(익사),16.0,0.3
계,15세 미만,10위,폐렴,14.0,0.3
계,15-64세,1위,악성신생물,21250.0,59.8
계,15-64세,2위,고의적 자해(자살),11015.0,31.0
계,15-64세,3위,심장 질환,4899.0,13.8
계,15-64세,4위,간의 질환,4330.0,12.2
계,15-64세,5위,뇌혈관 질환,3548.0,10.0
계,15-64세,6위,당뇨병,1842.0,5.2
계,15-64세,7위,운수 사고,1578.0,4.4
계,15-64세,8위,폐렴,1407.0,4.0
계,15-64세,9위,추락,829.0,2.3
계,15-64세,10위,정신활성 물질 사용에 의한 정신 및 행동 장애 ,645.0,1.8
계,15-39세,1위,고의적 자해(자살),3651.0,24.4
계,15-39세,2위,악성신생물,1004.0,6.7
계,15-39세,3위,운수 사고,433.0,2.9
계,15-39세,4위,심장 질환,308.0,2.1
계,15-39세,5위,간의 질환,233.0,1.6
계,15-39세,6위,뇌혈관 질환,223.0,1.5
계,15-39세,7위,당뇨병,112.0,0.7
계,15-39세,8위,폐렴,82.0,0.5
계,15-39세,9위,추락,75.0,0.5
계,15-39세,10위,가해(타살),54.0,0.4
계,40-64세,1위,악성신생물,20246.0,98.3
계,40-64세,2위,고의적 자해(자살),7364.0,35.8
계,40-64세,3위,심장 질환,4591.0,22.3
계,40-64세,4위,간의 질환,4097.0,19.9
계,40-64세,5위,뇌혈관 질환,3325.0,16.2
계,40-64세,6위,당뇨병,1730.0,8.4
계,40-64세,7위,폐렴,1325.0,6.4
계,40-64세,8위,운수 사고,1145.0,5.6
계,40-64세,9위,추락,754.0,3.7
계,40-64세,10위,정신활성 물질 사용에 의한 정신 및 행동 장애 ,624.0,3.0
계,65세 이상,1위,악성신생물,67579.0,678.8
계,65세 이상,2위,폐렴,28674.0,288.0
계,65세 이상,3위,심장 질환,28604.0,287.3
계,65세 이상,4위,뇌혈관 질환,21053.0,211.5
계,65세 이상,5위,알쯔하이머병,12043.0,121.0
계,65세 이상,6위,당뇨병,9221.0,92.6
계,65세 이상,7위,고혈압성 질환,7774.0,78.1
계,65세 이상,8위,패혈증,7250.0,72.8
계,65세 이상,9위,만성 하기도 질환,6022.0,60.5
계,65세 이상,10위,고의적 자해(자살),3775.0,37.9
계,65-74세,1위,악성신생물,22815.0,391.6
계,65-74세,2위,심장 질환,4672.0,80.2
계,65-74세,3위,뇌혈관 질환,3778.0,64.8
계,65-74세,4위,폐렴,2755.0,47.3
계,65-74세,5위,당뇨병,1927.0,33.1
계,65-74세,6위,고의적 자해(자살),1837.0,31.5
계,65-74세,7위,간의 질환,1499.0,25.7
계,65-74세,8위,만성 하기도 질환,896.0,15.4
계,65-74세,9위,패혈증,848.0,14.6
계,65-74세,10위,운수 사고,805.0,13.8
계,75세 이상,1위,악성신생물,44764.0,1084.2
계,75세 이상,2위,폐렴,25919.0,627.8
계,75세 이상,3위,심장 질환,23932.0,579.6
계,75세 이상,4위,뇌혈관 질환,17275.0,418.4
계,75세 이상,5위,알쯔하이머병,11445.0,277.2
계,75세 이상,6위,당뇨병,7294.0,176.7
계,75세 이상,7위,고혈압성 질환,7114.0,172.3
계,75세 이상,8위,패혈증,6402.0,155.1
계,75세 이상,9위,만성 하기도 질환,5126.0,124.2
계,75세 이상,10위,코로나19,2694.0,65.2
남자,전체,1위,악성신생물,54648.0,215.1
남자,전체,2위,심장 질환,16805.0,66.2
남자,전체,3위,폐렴,15622.0,61.5
남자,전체,4위,뇌혈관 질환,12219.0,48.1
남자,전체,5위,고의적 자해(자살),10605.0,41.8
남자,전체,6위,당뇨병,5891.0,23.2
남자,전체,7위,간의 질환,5532.0,21.8
남자,전체,8위,만성 하기도 질환,4227.0,16.6
남자,전체,9위,알쯔하이머병,3812.0,15.0
남자,전체,10위,패혈증,3081.0,12.1
남자,0세,1위,출생전후기에 기원한 특정 병태,147.0,124.5
남자,0세,2위,"선천 기형, 변형 및 염색체 이상",61.0,51.7
남자,0세,3위,영아 급사 증후군,31.0,26.3
남자,0세,4위,가해(타살),6.0,5.1
남자,0세,5위,악성신생물,3.0,2.5
남자,0세,6위,나머지 특정 감염성 및 기생충성 질환,2.0,1.7
남자,0세,7위,폐렴,2.0,1.7
남자,0세,8위,기타 급성 하기도 감염,2.0,1.7
남자,0세,9위,백일해,1.0,0.8
남자,0세,10위,수막염,1.0,0.8
남자,1-9세,1위,악성신생물,30.0,1.9
남자,1-9세,2위,"선천 기형, 변형 및 염색체 이상",14.0,0.9
남자,1-9세,3위,운수 사고,11.0,0.7
남자,1-9세,4위,불의의 물에 빠짐(익사),8.0,0.5
남자,1-9세,5위,가해(타살),8.0,0.5
남자,1-9세,6위,심장 질환,6.0,0.4
남자,1-9세,7위,폐렴,5.0,0.3
남자,1-9세,8위,추락,5.0,0.3
남자,1-9세,9위,뇌혈관 질환,3.0,0.2
남자,1-9세,10위,"연기, 불 및 불꽃에 노출",3.0,0.2
남자,10-19세,1위,고의적 자해(자살),176.0,7.4
남자,10-19세,2위,악성신생물,54.0,2.3
남자,10-19세,3위,운수 사고,48.0,2.0
남자,10-19세,4위,심장 질환,13.0,0.5
남자,10-19세,5위,"선천 기형, 변형 및 염색체 이상",12.0,0.5
남자,10-19세,6위,불의의 물에 빠짐(익사),9.0,0.4
남자,10-19세,7위,폐렴,6.0,0.3
남자,10-19세,8위,추락,6.0,0.3
남자,10-19세,9위,뇌혈관 질환,5.0,0.2
남자,10-19세,10위,가해(타살),4.0,0.2
남자,20-29세,1위,고의적 자해(자살),835.0,26.4
남자,20-29세,2위,운수 사고,156.0,4.9
남자,20-29세,3위,악성신생물,143.0,4.5
남자,20-29세,4위,심장 질환,36.0,1.1
남자,20-29세,5위,추락,20.0,0.6
남자,20-29세,6위,불의의 물에 빠짐(익사),18.0,0.6
남자,20-29세,7위,뇌혈관 질환,16.0,0.5
남자,20-29세,8위,간의 질환,16.0,0.5
남자,20-29세,9위,당뇨병,15.0,0.5
남자,20-29세,10위,폐렴,15.0,0.5
남자,30-39세,1위,고의적 자해(자살),1353.0,39.5
남자,30-39세,2위,악성신생물,299.0,8.7
남자,30-39세,3위,심장 질환,194.0,5.7
남자,30-39세,4위,운수 사고,158.0,4.6
남자,30-39세,5위,간의 질환,119.0,3.5
남자,30-39세,6위,뇌혈관 질환,116.0,3.4
남자,30-39세,7위,당뇨병,57.0,1.7
남자,30-39세,8위,추락,35.0,1.0
남자,30-39세,9위,폐렴,31.0,0.9
남자,30-39세,10위,유독성 물질에 의한 불의의 중독 및 노출 ,20.0,0.6
남자,40-49세,1위,고의적 자해(자살),2019.0,51.1
남자,40-49세,2위,악성신생물,1271.0,32.2
남자,40-49세,3위,간의 질환,650.0,16.5
남자,40-49세,4위,심장 질환,584.0,14.8
남자,40-49세,5위,뇌혈관 질환,368.0,9.3
남자,40-49세,6위,운수 사고,236.0,6.0
남자,40-49세,7위,당뇨병,161.0,4.1
남자,40-49세,8위,폐렴,111.0,2.8
남자,40-49세,9위,정신활성 물질 사용에 의한 정신 및 행동 장애 ,107.0,2.7
남자,40-49세,10위,추락,85.0,2.2
남자,50-59세,1위,악성신생물,5165.0,118.8
남자,50-59세,2위,고의적 자해(자살),2389.0,54.9
남자,50-59세,3위,심장 질환,1777.0,40.9
남자,50-59세,4위,간의 질환,1700.0,39.1
남자,50-59세,5위,뇌혈관 질환,1034.0,23.8
남자,50-59세,6위,당뇨병,603.0,13.9
남자,50-59세,7위,폐렴,384.0,8.8
남자,50-59세,8위,운수 사고,378.0,8.7
남자,50-59세,9위,추락,313.0,7.2
남자,50-59세,10위,정신활성 물질 사용에 의한 정신 및 행동 장애 ,292.0,6.7
남자,60-69세,1위,악성신생물,13499.0,357.2
남자,60-69세,2위,심장 질환,3135.0,83.0
남자,60-69세,3위,뇌혈관 질환,2146.0,56.8
남자,60-69세,4위,고의적 자해(자살),1869.0,49.5
남자,60-69세,5위,간의 질환,1650.0,43.7
남자,60-69세,6위,폐렴,1338.0,35.4
남자,60-69세,7위,당뇨병,1212.0,32.1
남자,60-69세,8위,운수 사고,616.0,16.3
남자,60-69세,9위,추락,507.0,13.4
남자,60-69세,10위,만성 하기도 질환,417.0,11.0
남자,70-79세,1위,악성신생물,16901.0,904.3
남자,70-79세,2위,심장 질환,3838.0,205.4
남자,70-79세,3위,폐렴,3312.0,177.2
남자,70-79세,4위,뇌혈관 질환,3141.0,168.1
남자,70-79세,5위,당뇨병,1549.0,82.9
남자,70-79세,6위,만성 하기도 질환,1123.0,60.1
남자,70-79세,7위,고의적 자해(자살),1065.0,57.0
남자,70-79세,8위,간의 질환,789.0,42.2
남자,70-79세,9위,패혈증,689.0,36.9
남자,70-79세,10위,알쯔하이머병,632.0,33.8
남자,80세 이상,1위,악성신생물,17283.0,2070.8
남자,80세 이상,2위,폐렴,10416.0,1248.0
남자,80세 이상,3위,심장 질환,7220.0,865.1
남자,80세 이상,4위,뇌혈관 질환,5389.0,645.7
남자,80세 이상,5위,알쯔하이머병,2922.0,350.1
남자,80세 이상,6위,만성 하기도 질환,2576.0,308.6
남자,80세 이상,7위,당뇨병,2291.0,274.5
남자,80세 이상,8위,패혈증,1846.0,221.2
남자,80세 이상,9위,고혈압성 질환,1784.0,213.8
남자,80세 이상,10위,코로나19,1131.0,135.5
남자,15세 미만,1위,출생전후기에 기원한 특정 병태,149.0,5.2
남자,15세 미만,2위,"선천 기형, 변형 및 염색체 이상",84.0,2.9
남자,15세 미만,3위,악성신생물,58.0,2.0
남자,15세 미만,4위,고의적 자해(자살),37.0,1.3
남자,15세 미만,5위,영아 급사 증후군,31.0,1.1
남자,15세 미만,6위,운수 사고,21.0,0.7
남자,15세 미만,7위,가해(타살),17.0,0.6
남자,15세 미만,8위,심장 질환,13.0,0.5
남자,15세 미만,9위,불의의 물에 빠짐(익사),13.0,0.5
남자,15세 미만,10위,추락,8.0,0.3
남자,15-64세,1위,악성신생물,12752.0,70.3
남자,15-64세,2위,고의적 자해(자살),7800.0,43.0
남자,15-64세,3위,심장 질환,4032.0,22.2
남자,15-64세,4위,간의 질환,3415.0,18.8
남자,15-64세,5위,뇌혈관 질환,2494.0,13.7
남자,15-64세,6위,당뇨병,1415.0,7.8
남자,15-64세,7위,운수 사고,1260.0,6.9
남자,15-64세,8위,폐렴,1071.0,5.9
남자,15-64세,9위,추락,695.0,3.8
남자,15-64세,10위,정신활성 물질 사용에 의한 정신 및 행동 장애 ,575.0,3.2
남자,15-39세,1위,고의적 자해(자살),2327.0,30.0
남자,15-39세,2위,악성신생물,471.0,6.1
남자,15-39세,3위,운수 사고,353.0,4.5
남자,15-39세,4위,심장 질환,237.0,3.1
남자,15-39세,5위,뇌혈관 질환,137.0,1.8
남자,15-39세,6위,간의 질환,135.0,1.7
남자,15-39세,7위,당뇨병,75.0,1.0
남자,15-39세,8위,추락,59.0,0.8
남자,15-39세,9위,폐렴,52.0,0.7
남자,15-39세,10위,불의의 물에 빠짐(익사),36.0,0.5
남자,40-64세,1위,악성신생물,12281.0,118.4
남자,40-64세,2위,고의적 자해(자살),5473.0,52.8
남자,40-64세,3위,심장 질환,3795.0,36.6
남자,40-64세,4위,간의 질환,3280.0,31.6
남자,40-64세,5위,뇌혈관 질환,2357.0,22.7
남자,40-64세,6위,당뇨병,1340.0,12.9
남자,40-64세,7위,폐렴,1019.0,9.8
남자,40-64세,8위,운수 사고,907.0,8.7
남자,40-64세,9위,추락,636.0,6.1
남자,40-64세,10위,정신활성 물질 사용에 의한 정신 및 행동 장애 ,563.0,5.4
남자,65세 이상,1위,악성신생물,41838.0,949.4
남자,65세 이상,2위,폐렴,14542.0,330.0
남자,65세 이상,3위,심장 질환,12759.0,289.5
남자,65세 이상,4위,뇌혈관 질환,9721.0,220.6
남자,65세 이상,5위,당뇨병,4476.0,101.6
남자,65세 이상,6위,만성 하기도 질환,3967.0,90.0
남자,65세 이상,7위,알쯔하이머병,3697.0,83.9
남자,65세 이상,8위,고의적 자해(자살),2768.0,62.8
남자,65세 이상,9위,패혈증,2759.0,62.6
남자,65세 이상,10위,고혈압성 질환,2581.0,58.6
남자,65-74세,1위,악성신생물,15780.0,564.4
남자,65-74세,2위,심장 질환,3407.0,121.9
남자,65-74세,3위,뇌혈관 질환,2541.0,90.9
남자,65-74세,4위,폐렴,2021.0,72.3
남자,65-74세,5위,고의적 자해(자살),1395.0,49.9
남자,65-74세,6위,당뇨병,1346.0,48.1
남자,65-74세,7위,간의 질환,1156.0,41.3
남자,65-74세,8위,만성 하기도 질환,711.0,25.4
남자,65-74세,9위,운수 사고,565.0,20.2
남자,65-74세,10위,추락,513.0,18.3
남자,75세 이상,1위,악성신생물,26058.0,1617.7
남자,75세 이상,2위,폐렴,12521.0,777.3
남자,75세 이상,3위,심장 질환,9352.0,580.6
남자,75세 이상,4위,뇌혈관 질환,7180.0,445.7
남자,75세 이상,5위,알쯔하이머병,3325.0,206.4
남자,75세 이상,6위,만성 하기도 질환,3256.0,202.1
남자,75세 이상,7위,당뇨병,3130.0,194.3
남자,75세 이상,8위,패혈증,2264.0,140.6
남자,75세 이상,9위,고혈압성 질환,2154.0,133.7
남자,75세 이상,10위,코로나19,1386.0,86.0
여자,전체,1위,악성신생물,34285.0,133.7
여자,전체,2위,심장 질환,16734.0,65.3
여자,전체,3위,폐렴,14481.0,56.5
여자,전체,4위,뇌혈관 질환,12393.0,48.3
여자,전체,5위,알쯔하이머병,8411.0,32.8
여자,전체,6위,고혈압성 질환,5260.0,20.5
여자,전체,7위,당뇨병,5173.0,20.2
여자,전체,8위,패혈증,4649.0,18.1
여자,전체,9위,고의적 자해(자살),4267.0,16.6
여자,전체,10위,간의 질환,2255.0,8.8
여자,0세,1위,출생전후기에 기원한 특정 병태,108.0,95.9
여자,0세,2위,"선천 기형, 변형 및 염색체 이상",43.0,38.2
여자,0세,3위,영아 급사 증후군,16.0,14.2
여자,0세,4위,심장 질환,8.0,7.1
여자,0세,5위,가해(타살),6.0,5.3
여자,0세,6위,악성신생물,4.0,3.6
여자,0세,7위,폐렴,4.0,3.6
여자,0세,8위,패혈증,2.0,1.8
여자,0세,9위,뇌혈관 질환,2.0,1.8
여자,0세,10위,감염성 기원으로 추정되는 설사 및 위장염 ,1.0,0.9
여자,1-9세,1위,악성신생물,23.0,1.6
여자,1-9세,2위,"선천 기형, 변형 및 염색체 이상",15.0,1.0
여자,1-9세,3위,가해(타살),15.0,1.0
여자,1-9세,4위,심장 질환,9.0,0.6
여자,1-9세,5위,운수 사고,8.0,0.5
여자,1-9세,6위,출생전후기에 기원한 특정 병태,4.0,0.3
여자,1-9세,7위,인플루엔자,3.0,0.2
여자,1-9세,8위,기타 급성 하기도 감염,3.0,0.2
여자,1-9세,9위,폐렴,2.0,0.1
여자,1-9세,10위,불의의 물에 빠짐(익사),2.0,0.1
여자,10-19세,1위,고의적 자해(자살),196.0,8.7
여자,10-19세,2위,악성신생물,37.0,1.6
여자,10-19세,3위,운수 사고,18.0,0.8
여자,10-19세,4위,"선천 기형, 변형 및 염색체 이상",10.0,0.4
여자,10-19세,5위,심장 질환,9.0,0.4
여자,10-19세,6위,가해(타살),7.0,0.3
여자,10-19세,7위,뇌혈관 질환,4.0,0.2
여자,10-19세,8위,패혈증,3.0,0.1
여자,10-19세,9위,인플루엔자,3.0,0.1
여자,10-19세,10위,폐렴,2.0,0.1
여자,20-29세,1위,고의적 자해(자살),531.0,18.3
여자,20-29세,2위,악성신생물,131.0,4.5
여자,20-29세,3위,운수 사고,32.0,1.1
여자,20-29세,4위,뇌혈관 질환,28.0,1.0
여자,20-29세,5위,심장 질환,18.0,0.6
여자,20-29세,6위,가해(타살),13.0,0.4
여자,20-29세,7위,폐렴,10.0,0.3
여자,20-29세,8위,간의 질환,10.0,0.3
여자,20-29세,9위,당뇨병,9.0,0.3
여자,20-29세,10위,"선천 기형, 변형 및 염색체 이상",9.0,0.3
여자,30-39세,1위,고의적 자해(자살),642.0,20.4
여자,30-39세,2위,악성신생물,381.0,12.1
여자,30-39세,3위,간의 질환,88.0,2.8
여자,30-39세,4위,뇌혈관 질환,56.0,1.8
여자,30-39세,5위,심장 질환,48.0,1.5
여자,30-39세,6위,운수 사고,34.0,1.1
여자,30-39세,7위,당뇨병,27.0,0.9
여자,30-39세,8위,폐렴,19.0,0.6
여자,30-39세,9위,가해(타살),13.0,0.4
여자,30-39세,10위,기타 직접 산과적 사망,10.0,0.3
여자,40-49세,1위,악성신생물,1388.0,36.3
여자,40-49세,2위,고의적 자해(자살),798.0,20.9
여자,40-49세,3위,간의 질환,296.0,7.7
여자,40-49세,4위,뇌혈관 질환,204.0,5.3
여자,40-49세,5위,심장 질환,166.0,4.3
여자,40-49세,6위,운수 사고,53.0,1.4
여자,40-49세,7위,당뇨병,52.0,1.4
여자,40-49세,8위,폐렴,52.0,1.4
여자,40-49세,9위,정신활성 물질 사용에 의한 정신 및 행동 장애 ,26.0,0.7
여자,40-49세,10위,패혈증,24.0,0.6
여자,50-59세,1위,악성신생물,3751.0,87.5
여자,50-59세,2위,고의적 자해(자살),762.0,17.8
여자,50-59세,3위,뇌혈관 질환,441.0,10.3
여자,50-59세,4위,간의 질환,352.0,8.2
여자,50-59세,5위,심장 질환,311.0,7.3
여자,50-59세,6위,당뇨병,162.0,3.8
여자,50-59세,7위,폐렴,128.0,3.0
여자,50-59세,8위,운수 사고,106.0,2.5
여자,50-59세,9위,추락,56.0,1.3
여자,50-59세,10위,패혈증,53.0,1.2
여자,60-69세,1위,악성신생물,6244.0,160.1
여자,60-69세,2위,심장 질환,862.0,22.1
여자,60-69세,3위,뇌혈관 질환,858.0,22.0
여자,60-69세,4위,고의적 자해(자살),580.0,14.9
여자,60-69세,5위,당뇨병,420.0,10.8
여자,60-69세,6위,폐렴,392.0,10.0
여자,60-69세,7위,간의 질환,350.0,9.0
여자,60-69세,8위,운수 사고,187.0,4.8
여자,60-69세,9위,패혈증,184.0,4.7
여자,60-69세,10위,알쯔하이머병,127.0,3.3
여자,70-79세,1위,악성신생물,8059.0,367.4
여자,70-79세,2위,심장 질환,2111.0,96.2
여자,70-79세,3위,뇌혈관 질환,2011.0,91.7
여자,70-79세,4위,폐렴,1485.0,67.7
여자,70-79세,5위,당뇨병,932.0,42.5
여자,70-79세,6위,패혈증,653.0,29.8
여자,70-79세,7위,알쯔하이머병,561.0,25.6
여자,70-79세,8위,고혈압성 질환,474.0,21.6
여자,70-79세,9위,간의 질환,404.0,18.4
여자,70-79세,10위,고의적 자해(자살),383.0,17.5
여자,80세 이상,1위,악성신생물,14264.0,916.6
여자,80세 이상,2위,심장 질환,13191.0,847.6
여자,80세 이상,3위,폐렴,12381.0,795.6
여자,80세 이상,4위,뇌혈관 질환,8786.0,564.6
여자,80세 이상,5위,알쯔하이머병,7700.0,494.8
여자,80세 이상,6위,고혈압성 질환,4647.0,298.6
여자,80세 이상,7위,패혈증,3723.0,239.2
여자,80세 이상,8위,당뇨병,3569.0,229.3
여자,80세 이상,9위,만성 하기도 질환,1687.0,108.4
여자,80세 이상,10위,코로나19,1185.0,76.1
여자,15세 미만,1위,출생전후기에 기원한 특정 병태,112.0,4.1
여자,15세 미만,2위,"선천 기형, 변형 및 염색체 이상",64.0,2.4
여자,15세 미만,3위,고의적 자해(자살),45.0,1.7
여자,15세 미만,4위,악성신생물,43.0,1.6
여자,15세 미만,5위,가해(타살),22.0,0.8
여자,15세 미만,6위,심장 질환,21.0,0.8
여자,15세 미만,7위,영아 급사 증후군,16.0,0.6
여자,15세 미만,8위,운수 사고,12.0,0.4
여자,15세 미만,9위,폐렴,7.0,0.3
여자,15세 미만,10위,인플루엔자,6.0,0.2
여자,15-64세,1위,악성신생물,8498.0,48.9
여자,15-64세,2위,고의적 자해(자살),3215.0,18.5
여자,15-64세,3위,뇌혈관 질환,1054.0,6.1
여자,15-64세,4위,간의 질환,915.0,5.3
여자,15-64세,5위,심장 질환,867.0,5.0
여자,15-64세,6위,당뇨병,427.0,2.5
여자,15-64세,7위,폐렴,336.0,1.9
여자,15-64세,8위,운수 사고,318.0,1.8
여자,15-64세,9위,패혈증,155.0,0.9
여자,15-64세,10위,추락,134.0,0.8
여자,15-39세,1위,고의적 자해(자살),1324.0,18.5
여자,15-39세,2위,악성신생물,533.0,7.4
여자,15-39세,3위,간의 질환,98.0,1.4
여자,15-39세,4위,뇌혈관 질환,86.0,1.2
여자,15-39세,5위,운수 사고,80.0,1.1
여자,15-39세,6위,심장 질환,71.0,1.0
여자,15-39세,7위,당뇨병,37.0,0.5
여자,15-39세,8위,가해(타살),32.0,0.4
여자,15-39세,9위,폐렴,30.0,0.4
여자,15-39세,10위,추락,16.0,0.2
여자,40-64세,1위,악성신생물,7965.0,78.0
여자,40-64세,2위,고의적 자해(자살),1891.0,18.5
여자,40-64세,3위,뇌혈관 질환,968.0,9.5
여자,40-64세,4위,간의 질환,817.0,8.0
여자,40-64세,5위,심장 질환,796.0,7.8
여자,40-64세,6위,당뇨병,390.0,3.8
여자,40-64세,7위,폐렴,306.0,3.0
여자,40-64세,8위,운수 사고,238.0,2.3
여자,40-64세,9위,패혈증,146.0,1.4
여자,40-64세,10위,추락,118.0,1.2
여자,65세 이상,1위,악성신생물,25741.0,463.9
여자,65세 이상,2위,심장 질환,15845.0,285.6
여자,65세 이상,3위,폐렴,14132.0,254.7
여자,65세 이상,4위,뇌혈관 질환,11332.0,204.2
여자,65세 이상,5위,알쯔하이머병,8346.0,150.4
여자,65세 이상,6위,고혈압성 질환,5193.0,93.6
여자,65세 이상,7위,당뇨병,4745.0,85.5
여자,65세 이상,8위,패혈증,4491.0,80.9
여자,65세 이상,9위,만성 하기도 질환,2055.0,37.0
여자,65세 이상,10위,코로나19,1424.0,25.7
여자,65-74세,1위,악성신생물,7035.0,232.1
여자,65-74세,2위,심장 질환,1265.0,41.7
여자,65-74세,3위,뇌혈관 질환,1237.0,40.8
여자,65-74세,4위,폐렴,734.0,24.2
여자,65-74세,5위,당뇨병,581.0,19.2
여자,65-74세,6위,고의적 자해(자살),442.0,14.6
여자,65-74세,7위,패혈증,353.0,11.6
여자,65-74세,8위,간의 질환,343.0,11.3
여자,65-74세,9위,운수 사고,240.0,7.9
여자,65-74세,10위,고혈압성 질환,233.0,7.7
여자,75세 이상,1위,악성신생물,18706.0,742.9
여자,75세 이상,2위,심장 질환,14580.0,579.0
여자,75세 이상,3위,폐렴,13398.0,532.1
여자,75세 이상,4위,뇌혈관 질환,10095.0,400.9
여자,75세 이상,5위,알쯔하이머병,8120.0,322.5
여자,75세 이상,6위,고혈압성 질환,4960.0,197.0
여자,75세 이상,7위,당뇨병,4164.0,165.4
여자,75세 이상,8위,패혈증,4138.0,164.3
여자,75세 이상,9위,만성 하기도 질환,1870.0,74.3
여자,75세 이상,10위,코로나19,1308.0,51.9
