region,year,godoksa_count,godoksa_share_pct,source_id,godoksa_yoy_change,godoksa_yoy_pct,expected_2024_if_national_growth,excess_2024_vs_expected,trajectory_type,is_seoul_gyeonggi_daegu,is_positive_excess_region,godoksa_2024_excess_applies_to_year,male_40_64_single_person_households,male_40_64_single_person_household_rate,single_household_dwelling_non_apartment_share,social_network_no_help_sick_pct,social_network_no_money_help_pct,social_network_no_depressed_talk_pct,daily_no_family_relative_exchange_pct,daily_no_nonkin_exchange_pct,depression_experience_std_rate,basic_livelihood_male_40_64_count,social_welfare_facility_count,male_40_64_suicide_deaths,male_40_64_suicide_rate,business_closure_male_40_64_count,business_closure_total_count,divorce_male_40_64_rate,employment_loss_male_45_64_count,health_insurance_arrears_male_45_64_count,debt_arrears_male_45_64_count,emergency_self_harm_male_45_64_count,death_discovery_delay_days
강원,2020,98,3.0,src_mohw_2025_godoksa,,,117.2772186642269,15.722781335773108,moderate_or_stable,0,1,,,,,,,,,,,,,,,,,,,,,,
강원,2021,110,3.3,src_mohw_2025_godoksa,12.0,12.244897959183664,117.2772186642269,15.722781335773108,moderate_or_stable,0,1,,,,,,,,,,,,,,,,,,,,,,
강원,2022,146,4.1,src_mohw_2025_godoksa,36.0,32.72727272727274,117.2772186642269,15.722781335773108,moderate_or_stable,0,1,,,,,,,,,,,,,,,,,,,,,,
강원,2023,156,4.3,src_mohw_2025_godoksa,10.0,6.849315068493156,117.2772186642269,15.722781335773108,moderate_or_stable,0,1,,,,,,,,,,,,,,,,,,,,,,
강원,2024,133,3.4,src_mohw_2025_godoksa,-23.0,-14.743589743589746,117.2772186642269,15.722781335773108,moderate_or_stable,0,1,15.722781335773108,,,,,,,,,,,,,,,,,,,,,
경기,2020,678,20.7,src_mohw_2025_godoksa,,,811.366880146386,82.63311985361395,large_base_excess_growth,1,1,,,,,,,,,,,,,,,,,,,,,,
경기,2021,713,21.1,src_mohw_2025_godoksa,35.0,5.162241887905594,811.366880146386,82.63311985361395,large_base_excess_growth,1,1,,,,,,,,,,,,,,,,,,,,,,
경기,2022,749,21.0,src_mohw_2025_godoksa,36.0,5.049088359046294,811.366880146386,82.63311985361395,large_base_excess_growth,1,1,,,,,,,,,,,,,,,,,,,,,,
경기,2023,922,25.2,src_mohw_2025_godoksa,173.0,23.09746328437918,811.366880146386,82.63311985361395,large_base_excess_growth,1,1,,,,,,,,,,,,,,,,,,,,,,
경기,2024,894,22.8,src_mohw_2025_godoksa,-28.0,-3.0368763557483747,811.366880146386,82.63311985361395,large_base_excess_growth,1,1,82.63311985361395,,,,,,,,,,,,,,,,,,,,,
경남,2020,225,6.9,src_mohw_2025_godoksa,,,269.2589204025617,-32.25892040256173,moderate_or_stable,0,0,,,,,,,,,,,,,,,,,,,,,,
경남,2021,203,6.0,src_mohw_2025_godoksa,-22.0,-9.777777777777775,269.2589204025617,-32.25892040256173,moderate_or_stable,0,0,,,,,,,,,,,,,,,,,,,,,,
경남,2022,257,7.2,src_mohw_2025_godoksa,54.0,26.60098522167487,269.2589204025617,-32.25892040256173,moderate_or_stable,0,0,,,,,,,,,,,,,,,,,,,,,,
경남,2023,235,6.4,src_mohw_2025_godoksa,-22.0,-8.560311284046696,269.2589204025617,-32.25892040256173,moderate_or_stable,0,0,,,,,,,,,,,,,,,,,,,,,,
경남,2024,237,6.0,src_mohw_2025_godoksa,2.0,0.8510638297872353,269.2589204025617,-32.25892040256173,moderate_or_stable,0,0,-32.25892040256173,,,,,,,,,,,,,,,,,,,,,
경북,2020,135,4.1,src_mohw_2025_godoksa,,,161.55535224153704,0.4446477584629633,moderate_or_stable,0,1,,,,,,,,,,,,,,,,,,,,,,
경북,2021,180,5.3,src_mohw_2025_godoksa,45.0,33.33333333333333,161.55535224153704,0.4446477584629633,moderate_or_stable,0,1,,,,,,,,,,,,,,,,,,,,,,
경북,2022,175,4.9,src_mohw_2025_godoksa,-5.0,-2.777777777777779,161.55535224153704,0.4446477584629633,moderate_or_stable,0,1,,,,,,,,,,,,,,,,,,,,,,
경북,2023,186,5.1,src_mohw_2025_godoksa,11.0,6.2857142857142945,161.55535224153704,0.4446477584629633,moderate_or_stable,0,1,,,,,,,,,,,,,,,,,,,,,,
경북,2024,162,4.1,src_mohw_2025_godoksa,-24.0,-12.903225806451612,161.55535224153704,0.4446477584629633,moderate_or_stable,0,1,0.4446477584629633,,,,,,,,,,,,,,,,,,,,,
광주,2020,118,3.6,src_mohw_2025_godoksa,,,141.21134492223237,-22.21134492223237,moderate_or_stable,0,0,,,,,,,,,,,,,,,,,,,,,,
광주,2021,111,3.3,src_mohw_2025_godoksa,-7.0,-5.932203389830503,141.21134492223237,-22.21134492223237,moderate_or_stable,0,0,,,,,,,,,,,,,,,,,,,,,,
광주,2022,117,3.3,src_mohw_2025_godoksa,6.0,5.405405405405395,141.21134492223237,-22.21134492223237,moderate_or_stable,0,0,,,,,,,,,,,,,,,,,,,,,,
광주,2023,94,2.6,src_mohw_2025_godoksa,-23.0,-19.658119658119656,141.21134492223237,-22.21134492223237,moderate_or_stable,0,0,,,,,,,,,,,,,,,,,,,,,,
광주,2024,119,3.0,src_mohw_2025_godoksa,25.0,26.595744680851062,141.21134492223237,-22.21134492223237,moderate_or_stable,0,0,-22.21134492223237,,,,,,,,,,,,,,,,,,,,,
대구,2020,125,3.8,src_mohw_2025_godoksa,,,149.5882891125343,79.41171088746569,small_base_excess_growth,1,1,,,,,,,,,,,,,,,,,,,,,,
대구,2021,124,3.7,src_mohw_2025_godoksa,-1.0,-0.8000000000000007,149.5882891125343,79.41171088746569,small_base_excess_growth,1,1,,,,,,,,,,,,,,,,,,,,,,
대구,2022,146,4.1,src_mohw_2025_godoksa,22.0,17.741935483870975,149.5882891125343,79.41171088746569,small_base_excess_growth,1,1,,,,,,,,,,,,,,,,,,,,,,
대구,2023,183,5.0,src_mohw_2025_godoksa,37.0,25.342465753424648,149.5882891125343,79.41171088746569,small_base_excess_growth,1,1,,,,,,,,,,,,,,,,,,,,,,
대구,2024,229,5.9,src_mohw_2025_godoksa,46.0,25.13661202185793,149.5882891125343,79.41171088746569,small_base_excess_growth,1,1,79.41171088746569,,,,,,,,,,,,,,,,,,,,,
대전,2020,120,3.6,src_mohw_2025_godoksa,,,143.60475754803292,-36.60475754803292,declining_or_reduced,0,0,,,,,,,,,,,,,,,,,,,,,,
대전,2021,128,3.8,src_mohw_2025_godoksa,8.0,6.666666666666665,143.60475754803292,-36.60475754803292,declining_or_reduced,0,0,,,,,,,,,,,,,,,,,,,,,,
대전,2022,141,4.0,src_mohw_2025_godoksa,13.0,10.15625,143.60475754803292,-36.60475754803292,declining_or_reduced,0,0,,,,,,,,,,,,,,,,,,,,,,
대전,2023,104,2.8,src_mohw_2025_godoksa,-37.0,-26.241134751773053,143.60475754803292,-36.60475754803292,declining_or_reduced,0,0,,,,,,,,,,,,,,,,,,,,,,
대전,2024,107,2.7,src_mohw_2025_godoksa,3.0,2.8846153846153744,143.60475754803292,-36.60475754803292,declining_or_reduced,0,0,-36.60475754803292,,,,,,,,,,,,,,,,,,,,,
부산,2020,315,9.6,src_mohw_2025_godoksa,,,376.9624885635864,-9.96248856358642,moderate_or_stable,0,0,,,,,,,,,,,,,,,,,,,,,,
부산,2021,329,9.7,src_mohw_2025_godoksa,14.0,4.444444444444451,376.9624885635864,-9.96248856358642,moderate_or_stable,0,0,,,,,,,,,,,,,,,,,,,,,,
부산,2022,317,8.9,src_mohw_2025_godoksa,-12.0,-3.6474164133738607,376.9624885635864,-9.96248856358642,moderate_or_stable,0,0,,,,,,,,,,,,,,,,,,,,,,
부산,2023,287,7.8,src_mohw_2025_godoksa,-30.0,-9.463722397476337,376.9624885635864,-9.96248856358642,moderate_or_stable,0,0,,,,,,,,,,,,,,,,,,,,,,
부산,2024,367,9.4,src_mohw_2025_godoksa,80.0,27.874564459930305,376.9624885635864,-9.96248856358642,moderate_or_stable,0,0,-9.96248856358642,,,,,,,,,,,,,,,,,,,,,
서울,2020,571,17.4,src_mohw_2025_godoksa,,,683.3193046660567,100.68069533394328,large_base_excess_growth,1,1,,,,,,,,,,,,,,,,,,,,,,
서울,2021,619,18.3,src_mohw_2025_godoksa,48.0,8.406304728546399,683.3193046660567,100.68069533394328,large_base_excess_growth,1,1,,,,,,,,,,,,,,,,,,,,,,
서울,2022,678,19.1,src_mohw_2025_godoksa,59.0,9.531502423263326,683.3193046660567,100.68069533394328,large_base_excess_growth,1,1,,,,,,,,,,,,,,,,,,,,,,
서울,2023,559,15.3,src_mohw_2025_godoksa,-119.0,-17.551622418879052,683.3193046660567,100.68069533394328,large_base_excess_growth,1,1,,,,,,,,,,,,,,,,,,,,,,
서울,2024,784,20.0,src_mohw_2025_godoksa,225.0,40.25044722719142,683.3193046660567,100.68069533394328,large_base_excess_growth,1,1,100.68069533394328,,,,,,,,,,,,,,,,,,,,,
세종,2020,12,0.4,src_mohw_2025_godoksa,,,14.360475754803293,-5.360475754803293,declining_or_reduced,0,0,,,,,,,,,,,,,,,,,,,,,,
세종,2021,13,0.4,src_mohw_2025_godoksa,1.0,8.333333333333325,14.360475754803293,-5.360475754803293,declining_or_reduced,0,0,,,,,,,,,,,,,,,,,,,,,,
세종,2022,11,0.3,src_mohw_2025_godoksa,-2.0,-15.384615384615385,14.360475754803293,-5.360475754803293,declining_or_reduced,0,0,,,,,,,,,,,,,,,,,,,,,,
세종,2023,8,0.2,src_mohw_2025_godoksa,-3.0,-27.27272727272727,14.360475754803293,-5.360475754803293,declining_or_reduced,0,0,,,,,,,,,,,,,,,,,,,,,,
세종,2024,9,0.2,src_mohw_2025_godoksa,1.0,12.5,14.360475754803293,-5.360475754803293,declining_or_reduced,0,0,-5.360475754803293,,,,,,,,,,,,,,,,,,,,,
울산,2020,59,1.8,src_mohw_2025_godoksa,,,70.60567246111619,-2.605672461116185,moderate_or_stable,0,0,,,,,,,,,,,,,,,,,,,,,,
울산,2021,58,1.7,src_mohw_2025_godoksa,-1.0,-1.6949152542372836,70.60567246111619,-2.605672461116185,moderate_or_stable,0,0,,,,,,,,,,,,,,,,,,,,,,
울산,2022,59,1.7,src_mohw_2025_godoksa,1.0,1.724137931034475,70.60567246111619,-2.605672461116185,moderate_or_stable,0,0,,,,,,,,,,,,,,,,,,,,,,
울산,2023,72,2.0,src_mohw_2025_godoksa,13.0,22.033898305084755,70.60567246111619,-2.605672461116185,moderate_or_stable,0,0,,,,,,,,,,,,,,,,,,,,,,
울산,2024,68,1.7,src_mohw_2025_godoksa,-4.0,-5.555555555555558,70.60567246111619,-2.605672461116185,moderate_or_stable,0,0,-2.605672461116185,,,,,,,,,,,,,,,,,,,,,
인천,2020,248,7.6,src_mohw_2025_godoksa,,,296.78316559926805,-36.783165599268045,moderate_or_stable,0,0,,,,,,,,,,,,,,,,,,,,,,
인천,2021,248,7.3,src_mohw_2025_godoksa,0.0,0.0,296.78316559926805,-36.783165599268045,moderate_or_stable,0,0,,,,,,,,,,,,,,,,,,,,,,
인천,2022,215,6.0,src_mohw_2025_godoksa,-33.0,-13.306451612903224,296.78316559926805,-36.783165599268045,moderate_or_stable,0,0,,,,,,,,,,,,,,,,,,,,,,
인천,2023,208,5.7,src_mohw_2025_godoksa,-7.0,-3.2558139534883734,296.78316559926805,-36.783165599268045,moderate_or_stable,0,0,,,,,,,,,,,,,,,,,,,,,,
인천,2024,260,6.6,src_mohw_2025_godoksa,52.0,25.0,296.78316559926805,-36.783165599268045,moderate_or_stable,0,0,-36.783165599268045,,,,,,,,,,,,,,,,,,,,,
전남,2020,114,3.5,src_mohw_2025_godoksa,,,136.42451967063127,-24.42451967063127,declining_or_reduced,0,0,,,,,,,,,,,,,,,,,,,,,,
전남,2021,124,3.7,src_mohw_2025_godoksa,10.0,8.771929824561408,136.42451967063127,-24.42451967063127,declining_or_reduced,0,0,,,,,,,,,,,,,,,,,,,,,,
전남,2022,100,2.8,src_mohw_2025_godoksa,-24.0,-19.354838709677423,136.42451967063127,-24.42451967063127,declining_or_reduced,0,0,,,,,,,,,,,,,,,,,,,,,,
전남,2023,120,3.3,src_mohw_2025_godoksa,20.0,19.999999999999996,136.42451967063127,-24.42451967063127,declining_or_reduced,0,0,,,,,,,,,,,,,,,,,,,,,,
전남,2024,112,2.8,src_mohw_2025_godoksa,-8.0,-6.666666666666665,136.42451967063127,-24.42451967063127,declining_or_reduced,0,0,-24.42451967063127,,,,,,,,,,,,,,,,,,,,,
전북,2020,143,4.3,src_mohw_2025_godoksa,,,171.12900274473924,-75.12900274473924,declining_or_reduced,0,0,,,,,,,,,,,,,,,,,,,,,,
전북,2021,106,3.1,src_mohw_2025_godoksa,-37.0,-25.874125874125873,171.12900274473924,-75.12900274473924,declining_or_reduced,0,0,,,,,,,,,,,,,,,,,,,,,,
전북,2022,102,2.9,src_mohw_2025_godoksa,-4.0,-3.7735849056603765,171.12900274473924,-75.12900274473924,declining_or_reduced,0,0,,,,,,,,,,,,,,,,,,,,,,
전북,2023,126,3.4,src_mohw_2025_godoksa,24.0,23.529411764705888,171.12900274473924,-75.12900274473924,declining_or_reduced,0,0,,,,,,,,,,,,,,,,,,,,,,
전북,2024,96,2.5,src_mohw_2025_godoksa,-30.0,-23.809523809523814,171.12900274473924,-75.12900274473924,declining_or_reduced,0,0,-75.12900274473924,,,,,,,,,,,,,,,,,,,,,
제주,2020,27,0.8,src_mohw_2025_godoksa,,,32.31107044830741,15.688929551692588,fast_growth_from_small_base,0,1,,,,,,,,,,,,,,,,,,,,,,
제주,2021,44,1.3,src_mohw_2025_godoksa,17.0,62.962962962962955,32.31107044830741,15.688929551692588,fast_growth_from_small_base,0,1,,,,,,,,,,,,,,,,,,,,,,
제주,2022,53,1.5,src_mohw_2025_godoksa,9.0,20.45454545454546,32.31107044830741,15.688929551692588,fast_growth_from_small_base,0,1,,,,,,,,,,,,,,,,,,,,,,
제주,2023,51,1.4,src_mohw_2025_godoksa,-2.0,-3.7735849056603765,32.31107044830741,15.688929551692588,fast_growth_from_small_base,0,1,,,,,,,,,,,,,,,,,,,,,,
제주,2024,48,1.2,src_mohw_2025_godoksa,-3.0,-5.882352941176472,32.31107044830741,15.688929551692588,fast_growth_from_small_base,0,1,15.688929551692588,,,,,,,,,,,,,,,,,,,,,
충남,2020,193,5.9,src_mohw_2025_godoksa,,,230.96431838975292,-59.96431838975295,declining_or_reduced,0,0,,,,,,,,,,,,,,,,,,,,,,
충남,2021,175,5.2,src_mohw_2025_godoksa,-18.0,-9.32642487046632,230.96431838975292,-59.96431838975295,declining_or_reduced,0,0,,,,,,,,,,,,,,,,,,,,,,
충남,2022,172,4.8,src_mohw_2025_godoksa,-3.0,-1.7142857142857126,230.96431838975292,-59.96431838975295,declining_or_reduced,0,0,,,,,,,,,,,,,,,,,,,,,,
충남,2023,183,5.0,src_mohw_2025_godoksa,11.0,6.3953488372092915,230.96431838975292,-59.96431838975295,declining_or_reduced,0,0,,,,,,,,,,,,,,,,,,,,,,
충남,2024,171,4.4,src_mohw_2025_godoksa,-12.0,-6.5573770491803245,230.96431838975292,-59.96431838975295,declining_or_reduced,0,0,-59.96431838975295,,,,,,,,,,,,,,,,,,,,,
충북,2020,98,3.0,src_mohw_2025_godoksa,,,117.2772186642269,10.722781335773108,moderate_or_stable,0,1,,,,,,,,,,,,,,,,,,,,,,
충북,2021,93,2.8,src_mohw_2025_godoksa,-5.0,-5.102040816326525,117.2772186642269,10.722781335773108,moderate_or_stable,0,1,,,,,,,,,,,,,,,,,,,,,,
충북,2022,121,3.4,src_mohw_2025_godoksa,28.0,30.107526881720425,117.2772186642269,10.722781335773108,moderate_or_stable,0,1,,,,,,,,,,,,,,,,,,,,,,
충북,2023,167,4.6,src_mohw_2025_godoksa,46.0,38.01652892561984,117.2772186642269,10.722781335773108,moderate_or_stable,0,1,,,,,,,,,,,,,,,,,,,,,,
충북,2024,128,3.3,src_mohw_2025_godoksa,-39.0,-23.35329341317365,117.2772186642269,10.722781335773108,moderate_or_stable,0,1,10.722781335773108,,,,,,,,,,,,,,,,,,,,,
