year,code,sido,sigungu,region,subjective_health_crude,subjective_health_std,stress_crude,stress_std,depression_crude,depression_std,suicide_ideation_crude,suicide_ideation_std,suicide_attempt_crude,suicide_attempt_std,eq5d_crude,eq5d_std,happiness_crude,happiness_std,stress_counseling_crude,stress_counseling_std,depression_counseling_crude,depression_counseling_std,suicide_mortality_std_total,is_national
2016,0,전국,전국,전국,,,,,,,,,,,,,,,,,,,,True
2016,11,서울특별시,서울특별시,서울특별시,44.7,46.9,29.1,30.1,7.0,6.9,,,,,,,,,7.8,7.9,17.5,18.0,,False
2016,21,부산광역시,부산광역시,부산광역시,39.1,43.3,25.2,27.0,6.1,5.8,,,,,,,,,9.4,9.0,22.6,22.9,,False
2016,22,대구광역시,대구광역시,대구광역시,39.4,42.4,24.9,26.6,5.0,4.9,,,,,,,,,6.5,6.4,22.7,21.9,,False
2016,23,인천광역시,인천광역시,인천광역시,42.4,44.4,29.5,30.5,7.2,6.9,,,,,,,,,8.5,8.2,18.9,18.7,,False
2016,24,광주광역시,광주광역시,광주광역시,43.9,45.7,27.7,28.7,4.7,4.6,,,,,,,,,6.5,6.5,21.5,21.3,,False
2016,25,대전광역시,대전광역시,대전광역시,49.5,51.5,30.6,31.5,7.4,7.4,,,,,,,,,7.1,7.1,15.9,15.9,,False
2016,26,울산광역시,울산광역시,울산광역시,42.3,43.6,23.8,24.9,3.8,3.8,,,,,,,,,5.6,5.6,11.7,11.4,,False
2016,29,세종특별자치시,세종특별자치시,세종특별자치시,46.7,49.2,25.3,25.0,5.0,4.9,,,,,,,,,9.1,9.2,25.3,24.0,,False
2016,31,경기도,경기도,경기도,42.7,44.4,29.5,30.3,6.6,6.5,,,,,,,,,7.9,8.0,17.3,17.2,,False
2016,32,강원도,강원도,강원도,39.3,43.7,24.8,26.6,5.5,5.3,,,,,,,,,8.3,7.9,19.5,18.8,,False
2016,33,충청북도,충청북도,충청북도,42.4,45.9,26.9,28.4,5.9,5.8,,,,,,,,,8.9,8.5,20.8,21.2,,False
2016,34,충청남도,충청남도,충청남도,41.2,45.5,27.6,29.3,6.9,6.4,,,,,,,,,8.8,8.5,20.4,21.6,,False
2016,35,전라북도,전라북도,전라북도,38.7,43.7,23.1,24.3,6.2,5.9,,,,,,,,,8.0,7.5,20.9,21.1,,False
2016,36,전라남도,전라남도,전라남도,39.3,45.9,24.1,25.5,4.5,4.5,,,,,,,,,6.9,6.6,19.0,19.2,,False
2016,37,경상북도,경상북도,경상북도,35.4,40.1,23.6,25.4,6.2,5.8,,,,,,,,,7.2,6.9,13.2,12.8,,False
2016,38,경상남도,경상남도,경상남도,38.1,41.6,24.2,25.6,4.1,4.1,,,,,,,,,7.1,7.0,20.7,20.8,,False
2016,39,제주특별자치도,제주특별자치도,제주특별자치도,41.5,44.8,29.0,30.4,6.4,6.6,,,,,,,,,7.9,7.7,19.3,21.6,,False
2017,0,전국,전국,전국,,,,,,,,,,,,,,,,,,,,True
2017,11,서울특별시,서울특별시,서울특별시,45.8,48.1,26.8,28.1,7.2,7.1,,,,,,,6.9,7.0,10.0,9.9,19.9,20.3,,False
2017,21,부산광역시,부산광역시,부산광역시,38.1,42.8,24.3,25.8,6.4,6.0,,,,,,,6.8,6.9,8.1,7.8,18.9,19.6,,False
2017,22,대구광역시,대구광역시,대구광역시,38.4,41.9,23.9,25.5,4.6,4.6,,,,,,,6.9,7.0,6.9,6.5,23.0,23.6,,False
2017,23,인천광역시,인천광역시,인천광역시,41.1,43.3,27.6,28.6,7.5,7.2,,,,,,,6.9,6.9,8.2,8.4,18.9,19.7,,False
2017,24,광주광역시,광주광역시,광주광역시,44.2,46.5,27.5,28.4,5.5,5.4,,,,,,,6.9,7.0,5.5,5.5,13.9,13.6,,False
2017,25,대전광역시,대전광역시,대전광역시,48.8,51.0,24.3,25.6,5.4,5.6,,,,,,,7.0,7.0,9.6,9.8,24.9,25.9,,False
2017,26,울산광역시,울산광역시,울산광역시,44.2,46.1,23.3,24.4,4.4,4.4,,,,,,,6.7,6.7,5.7,5.8,20.8,20.2,,False
2017,29,세종특별자치시,세종특별자치시,세종특별자치시,47.3,48.8,28.9,29.5,7.1,7.7,,,,,,,7.1,7.1,10.4,10.4,23.5,23.4,,False
2017,31,경기도,경기도,경기도,42.1,44.0,29.1,30.1,6.9,6.9,,,,,,,6.9,6.9,7.1,7.1,17.4,17.7,,False
2017,32,강원도,강원도,강원도,40.3,45.4,26.6,28.9,7.1,6.8,,,,,,,6.9,6.9,8.7,8.3,20.0,20.3,,False
2017,33,충청북도,충청북도,충청북도,42.8,46.7,27.7,29.7,6.1,5.7,,,,,,,6.9,7.0,7.0,6.9,18.0,18.4,,False
2017,34,충청남도,충청남도,충청남도,39.0,43.3,29.0,30.8,7.7,7.6,,,,,,,6.8,6.9,8.7,8.9,16.5,17.1,,False
2017,35,전라북도,전라북도,전라북도,39.1,44.5,21.9,23.6,6.8,6.4,,,,,,,6.8,6.9,8.2,7.8,15.9,15.9,,False
2017,36,전라남도,전라남도,전라남도,39.9,46.8,23.4,25.4,5.0,5.1,,,,,,,6.9,7.0,6.0,5.8,16.6,18.1,,False
2017,37,경상북도,경상북도,경상북도,37.2,42.4,22.6,24.7,5.3,5.1,,,,,,,6.8,6.9,7.2,6.7,17.9,18.4,,False
2017,38,경상남도,경상남도,경상남도,37.5,41.3,20.9,22.3,5.1,5.0,,,,,,,7.0,7.0,8.1,7.7,19.6,19.3,,False
2017,39,제주특별자치도,제주특별자치도,제주특별자치도,42.0,46.4,23.4,24.5,6.4,6.4,,,,,,,6.7,6.8,8.7,8.0,23.2,21.7,,False
2018,0,전국,전국,전국,,,,,,,,,,,,,,,,,,,22.6,True
2018,11,서울특별시,서울특별시,서울특별시,43.5,45.8,26.4,27.7,5.1,4.9,,,,,,,,,8.0,7.9,22.4,22.9,18.9,False
2018,21,부산광역시,부산광역시,부산광역시,37.0,40.4,22.9,24.4,6.7,6.0,,,,,,,,,9.5,9.1,22.8,23.2,23.0,False
2018,22,대구광역시,대구광역시,대구광역시,37.7,40.5,21.9,23.3,3.5,3.4,,,,,,,,,5.5,5.2,22.6,21.5,23.1,False
2018,23,인천광역시,인천광역시,인천광역시,34.9,36.5,30.4,31.7,8.4,8.1,,,,,,,,,8.9,8.8,19.9,19.6,24.3,False
2018,24,광주광역시,광주광역시,광주광역시,38.9,40.9,25.6,26.4,4.5,4.5,,,,,,,,,7.9,7.5,22.7,23.2,23.1,False
2018,25,대전광역시,대전광역시,대전광역시,46.1,48.0,26.5,27.9,4.7,4.7,,,,,,,,,6.7,6.8,20.5,22.3,24.5,False
2018,26,울산광역시,울산광역시,울산광역시,45.4,47.0,23.8,25.2,4.7,4.8,,,,,,,,,6.4,6.5,16.8,16.0,24.2,False
2018,29,세종특별자치시,세종특별자치시,세종특별자치시,42.1,43.6,30.9,30.1,6.3,6.1,,,,,,,,,9.6,9.0,25.7,23.0,24.5,False
2018,31,경기도,경기도,경기도,39.9,41.6,27.6,28.4,6.4,6.2,,,,,,,,,7.6,7.6,21.1,21.2,21.0,False
2018,32,강원도,강원도,강원도,40.4,45.2,25.0,27.0,5.8,5.3,,,,,,,,,7.5,7.4,18.0,18.9,26.1,False
2018,33,충청북도,충청북도,충청북도,40.6,43.7,25.5,27.1,5.8,5.7,,,,,,,,,8.2,8.2,22.2,22.0,26.7,False
2018,34,충청남도,충청남도,충청남도,37.3,40.5,26.0,26.9,7.4,6.8,,,,,,,,,7.5,7.2,17.9,18.1,29.8,False
2018,35,전라북도,전라북도,전라북도,34.9,38.1,26.4,28.7,9.5,8.7,,,,,,,,,7.9,7.6,18.3,17.8,25.8,False
2018,36,전라남도,전라남도,전라남도,38.6,43.8,23.3,25.4,4.8,4.4,,,,,,,,,5.7,5.4,15.7,16.7,23.5,False
2018,37,경상북도,경상북도,경상북도,34.3,38.8,22.6,24.5,5.3,5.3,,,,,,,,,8.8,8.9,21.0,21.0,24.3,False
2018,38,경상남도,경상남도,경상남도,35.1,38.1,23.4,25.0,5.4,5.2,,,,,,,,,8.1,8.1,23.4,23.8,24.8,False
2018,39,제주특별자치도,제주특별자치도,제주특별자치도,38.1,41.6,25.4,27.3,4.7,4.5,,,,,,,,,7.1,6.6,26.6,29.0,27.3,False
2019,0,전국,전국,전국,,,,,,,,,,,,,,,,,,,22.6,True
2019,11,서울특별시,서울특별시,서울특별시,42.0,44.5,25.8,27.2,6.5,6.5,,,,,,,7.0,7.1,11.1,10.9,26.4,25.7,18.7,False
2019,21,부산광역시,부산광역시,부산광역시,36.2,40.4,21.9,23.7,6.1,5.5,,,,,,,6.9,7.0,11.5,11.0,27.0,27.1,24.5,False
2019,22,대구광역시,대구광역시,대구광역시,38.3,41.6,23.4,25.1,5.5,5.4,,,,,,,7.1,7.1,9.4,8.4,23.8,23.0,24.9,False
2019,23,인천광역시,인천광역시,인천광역시,36.4,38.2,28.1,29.9,7.6,7.6,,,,,,,6.9,6.9,10.5,10.5,22.6,23.5,22.5,False
2019,24,광주광역시,광주광역시,광주광역시,39.5,41.3,26.7,28.1,5.5,5.4,,,,,,,7.0,7.0,8.4,8.2,18.6,16.9,21.9,False
2019,25,대전광역시,대전광역시,대전광역시,49.7,52.4,23.8,25.2,4.2,4.2,,,,,,,7.2,7.2,10.2,10.6,30.8,31.1,24.8,False
2019,26,울산광역시,울산광역시,울산광역시,41.7,43.8,22.3,23.9,5.4,5.4,,,,,,,7.0,7.1,8.5,8.5,23.5,25.1,24.8,False
2019,29,세종특별자치시,세종특별자치시,세종특별자치시,43.5,44.7,28.4,29.2,4.7,4.9,,,,,,,7.5,7.5,6.5,6.2,17.4,9.7,21.3,False
2019,31,경기도,경기도,경기도,38.7,40.8,26.5,27.7,6.7,6.5,,,,,,,7.0,7.0,8.5,8.6,21.1,21.7,21.9,False
2019,32,강원도,강원도,강원도,38.7,43.8,22.8,24.9,5.9,5.7,,,,,,,7.1,7.2,11.3,11.5,24.0,25.5,26.4,False
2019,33,충청북도,충청북도,충청북도,37.8,40.8,24.3,26.2,6.8,6.4,,,,,,,7.1,7.1,9.4,9.3,21.3,21.7,24.6,False
2019,34,충청남도,충청남도,충청남도,36.2,40.0,27.6,29.7,6.6,6.5,,,,,,,6.9,7.0,9.4,9.9,20.3,21.8,29.1,False
2019,35,전라북도,전라북도,전라북도,36.1,41.2,23.6,26.1,7.1,6.7,,,,,,,7.0,7.1,9.1,9.1,18.7,20.1,24.0,False
2019,36,전라남도,전라남도,전라남도,38.3,45.1,22.1,24.2,4.6,4.2,,,,,,,7.0,7.1,7.2,6.8,18.8,21.3,20.1,False
2019,37,경상북도,경상북도,경상북도,33.2,37.8,21.8,24.3,6.6,6.5,,,,,,,6.9,7.0,10.9,11.3,21.7,22.0,24.2,False
2019,38,경상남도,경상남도,경상남도,35.8,39.4,21.6,24.0,4.9,4.8,,,,,,,7.0,7.1,9.0,8.8,20.3,21.7,24.2,False
2019,39,제주특별자치도,제주특별자치도,제주특별자치도,38.3,40.7,21.9,23.2,4.8,4.6,,,,,,,7.0,7.0,7.3,7.0,19.7,22.0,28.1,False
2020,0,전국,전국,전국,,,25.6,27.7,6.0,6.0,,,,,,,,,,,24.9,25.2,,True
2020,11,서울특별시,서울특별시,서울특별시,,,27.8,29.5,6.3,6.3,,,,,,,,,12.2,12.2,29.2,29.1,,False
2020,21,부산광역시,부산광역시,부산광역시,,,23.1,25.8,5.9,5.7,,,,,,,,,10.6,10.5,23.0,22.2,,False
2020,22,대구광역시,대구광역시,대구광역시,,,21.6,23.1,5.2,5.4,,,,,,,,,11.4,11.3,29.9,28.3,,False
2020,23,인천광역시,인천광역시,인천광역시,,,30.7,32.8,8.0,7.9,,,,,,,,,9.0,8.9,20.6,21.2,,False
2020,24,광주광역시,광주광역시,광주광역시,,,25.8,27.4,4.6,4.5,,,,,,,,,7.5,7.5,22.7,23.6,,False
2020,25,대전광역시,대전광역시,대전광역시,,,22.3,23.9,4.8,4.8,,,,,,,,,9.3,9.4,35.7,37.3,,False
2020,26,울산광역시,울산광역시,울산광역시,,,23.8,25.6,5.4,5.5,,,,,,,,,10.8,10.6,21.6,22.1,,False
2020,29,세종특별자치시,세종특별자치시,세종특별자치시,,,24.0,24.1,6.1,6.1,,,,,,,,,8.5,8.0,36.6,39.0,,False
2020,31,경기도,경기도,경기도,,,27.5,29.0,6.2,6.3,,,,,,,,,9.6,9.8,22.5,22.9,,False
2020,32,강원도,강원도,강원도,,,24.9,28.3,5.8,5.7,,,,,,,,,11.6,11.4,28.3,28.4,,False
2020,33,충청북도,충청북도,충청북도,,,24.0,26.2,6.1,5.9,,,,,,,,,11.6,11.6,21.8,22.9,,False
2020,34,충청남도,충청남도,충청남도,,,25.2,27.5,5.9,6.0,,,,,,,,,10.4,10.4,24.6,25.8,,False
2020,35,전라북도,전라북도,전라북도,,,24.6,27.0,5.0,4.8,,,,,,,,,10.3,9.9,29.9,28.3,,False
2020,36,전라남도,전라남도,전라남도,,,18.8,21.7,3.9,4.2,,,,,,,,,8.9,9.2,23.0,23.6,,False
2020,37,경상북도,경상북도,경상북도,,,21.6,25.2,5.7,6.1,,,,,,,,,10.7,10.6,21.7,22.3,,False
2020,38,경상남도,경상남도,경상남도,,,23.5,26.4,6.3,6.4,,,,,,,,,11.1,10.9,23.0,23.4,,False
2020,39,제주특별자치도,제주특별자치도,제주특별자치도,,,24.6,25.8,4.1,4.3,,,,,,,,,8.2,8.0,28.3,28.4,,False
2021,0,전국,전국,전국,,,,,,,,,,,,,,,,,,,,True
2021,11000,서울특별시,서울특별시,서울특별시,50.1,52.9,26.3,28.0,7.0,6.8,,,,,,,,,,,,,,False
2021,21000,부산광역시,부산광역시,부산광역시,42.1,46.9,23.2,25.7,7.1,6.9,,,,,,,,,,,,,,False
2021,22000,대구광역시,대구광역시,대구광역시,43.5,47.4,22.1,24.2,6.0,5.8,,,,,,,,,,,,,,False
2021,23000,인천광역시,인천광역시,인천광역시,43.2,45.6,27.5,29.5,9.4,8.8,,,,,,,,,,,,,,False
2021,24000,광주광역시,광주광역시,광주광역시,46.7,48.6,25.8,27.7,6.8,6.3,,,,,,,,,,,,,,False
2021,25000,대전광역시,대전광역시,대전광역시,52.2,55.2,22.2,24.0,6.7,6.5,,,,,,,,,,,,,,False
2021,26000,울산광역시,울산광역시,울산광역시,45.8,48.6,23.3,24.8,6.5,6.3,,,,,,,,,,,,,,False
2021,29000,세종특별자치시,세종특별자치시,세종특별자치시,46.6,48.9,24.9,25.5,6.4,6.6,,,,,,,,,,,,,,False
2021,31000,경기도,경기도,경기도,46.3,48.6,26.5,28.1,7.2,7.1,,,,,,,,,,,,,,False
2021,32000,강원도,강원도,강원도,43.2,48.0,24.4,28.3,7.6,7.2,,,,,,,,,,,,,,False
2021,33000,충청북도,충청북도,충청북도,43.9,47.8,24.6,27.2,7.6,7.3,,,,,,,,,,,,,,False
2021,34000,충청남도,충청남도,충청남도,43.6,48.4,24.9,27.0,8.4,8.1,,,,,,,,,,,,,,False
2021,35000,전라북도,전라북도,전라북도,39.4,43.9,23.1,26.2,8.0,7.6,,,,,,,,,,,,,,False
2021,36000,전라남도,전라남도,전라남도,42.5,48.7,21.0,23.7,5.6,5.1,,,,,,,,,,,,,,False
2021,37000,경상북도,경상북도,경상북도,41.5,47.4,21.4,24.7,6.2,6.0,,,,,,,,,,,,,,False
2021,38000,경상남도,경상남도,경상남도,41.4,45.6,22.2,24.9,7.4,7.1,,,,,,,,,,,,,,False
2021,39000,제주특별자치도,제주특별자치도,제주특별자치도,49.8,52.5,23.8,25.3,6.1,5.8,,,,,,,,,,,,,,False
2022,0,전국,전국,전국,45.8,50.6,22.6,24.5,7.4,7.1,,,,,0.946,0.958,,,,,25.2,26.9,,True
2022,11000,서울특별시,서울특별시,서울특별시,50.7,54.5,24.0,25.7,7.3,7.1,,,,,0.948,0.958,,,,,30.6,31.1,,False
2022,21000,부산광역시,부산광역시,부산광역시,42.8,49.5,20.8,22.8,8.3,7.5,,,,,0.943,0.959,,,,,27.0,28.6,,False
2022,22000,대구광역시,대구광역시,대구광역시,44.6,50.0,20.3,22.6,6.2,6.1,,,,,0.957,0.967,,,,,26.2,28.0,,False
2022,23000,인천광역시,인천광역시,인천광역시,43.4,46.8,24.2,26.3,8.3,8.0,,,,,0.945,0.955,,,,,19.6,20.4,,False
2022,24000,광주광역시,광주광역시,광주광역시,44.4,48.2,24.3,25.9,6.5,6.3,,,,,0.951,0.96,,,,,22.6,23.0,,False
2022,25000,대전광역시,대전광역시,대전광역시,53.7,58.3,23.4,24.5,7.0,6.7,,,,,0.949,0.959,,,,,30.5,34.3,,False
2022,26000,울산광역시,울산광역시,울산광역시,44.4,48.2,20.5,21.9,8.1,7.8,,,,,0.947,0.954,,,,,22.7,25.2,,False
2022,29000,세종특별자치시,세종특별자치시,세종특별자치시,58.9,62.1,20.1,20.1,4.1,4.1,,,,,0.962,0.964,,,,,18.1,17.2,,False
2022,31000,경기도,경기도,경기도,47.1,50.5,23.2,24.6,7.3,7.1,,,,,0.952,0.959,,,,,25.7,27.0,,False
2022,32000,강원도,강원도,강원도,42.1,48.0,22.0,25.5,7.8,7.1,,,,,0.936,0.954,,,,,22.2,23.4,,False
2022,33000,충청북도,충청북도,충청북도,46.0,50.9,22.7,25.2,8.2,7.8,,,,,0.942,0.956,,,,,21.1,22.2,,False
2022,34000,충청남도,충청남도,충청남도,43.1,48.7,22.9,25.4,8.2,7.9,,,,,0.931,0.95,,,,,26.0,28.4,,False
2022,35000,전라북도,전라북도,전라북도,41.4,48.8,22.7,24.9,8.4,7.8,,,,,0.934,0.957,,,,,20.5,21.3,,False
2022,36000,전라남도,전라남도,전라남도,44.6,53.5,19.6,21.5,6.4,5.8,,,,,0.939,0.964,,,,,22.9,26.8,,False
2022,37000,경상북도,경상북도,경상북도,39.6,46.1,20.4,23.4,7.3,6.8,,,,,0.94,0.961,,,,,20.3,23.7,,False
2022,38000,경상남도,경상남도,경상남도,40.5,46.3,20.7,23.1,7.2,6.9,,,,,0.944,0.958,,,,,22.1,23.4,,False
2022,39000,제주특별자치도,제주특별자치도,제주특별자치도,44.4,49.5,23.0,25.0,6.1,5.7,,,,,0.954,0.965,,,,,21.6,24.6,,False
2023,0,전국,전국,전국,43.8,48.8,24.6,26.4,7.9,7.7,,,,,,,,,,,27.8,29.1,,True
2023,11000,서울특별시,서울특별시,서울특별시,49.6,53.7,25.4,27.1,8.4,8.3,,,,,,,,,,,32.9,33.5,,False
2023,21000,부산광역시,부산광역시,부산광역시,40.3,47.0,22.0,23.9,8.2,7.7,,,,,,,,,,,27.6,30.3,,False
2023,22000,대구광역시,대구광역시,대구광역시,42.1,48.3,21.8,23.8,6.8,6.7,,,,,,,,,,,30.3,31.1,,False
2023,23000,인천광역시,인천광역시,인천광역시,43.1,47.4,25.4,27.0,6.9,6.5,,,,,,,,,,,24.8,25.5,,False
2023,24000,광주광역시,광주광역시,광주광역시,46.6,50.8,23.8,24.7,7.5,7.0,,,,,,,,,,,25.3,25.4,,False
2023,25000,대전광역시,대전광역시,대전광역시,54.0,59.6,26.9,28.3,8.3,7.9,,,,,,,,,,,28.9,28.0,,False
2023,26000,울산광역시,울산광역시,울산광역시,41.0,45.1,23.7,25.8,8.6,8.6,,,,,,,,,,,21.2,20.8,,False
2023,29000,세종특별자치시,세종특별자치시,세종특별자치시,47.0,49.8,25.5,25.8,9.2,8.8,,,,,,,,,,,28.4,28.4,,False
2023,31000,경기도,경기도,경기도,44.0,47.4,26.3,27.7,7.8,7.7,,,,,,,,,,,27.8,28.7,,False
2023,32000,강원도,강원도,강원도,40.2,46.9,24.3,27.2,9.0,8.6,,,,,,,,,,,25.7,28.1,,False
2023,33000,충청북도,충청북도,충청북도,42.8,48.6,24.5,26.3,7.7,7.5,,,,,,,,,,,27.4,29.7,,False
2023,34000,충청남도,충청남도,충청남도,40.7,46.2,25.0,27.7,8.6,8.3,,,,,,,,,,,23.1,25.0,,False
2023,35000,전라북도,전라북도,전라북도,39.0,45.6,23.9,26.5,9.8,9.4,,,,,,,,,,,26.6,29.3,,False
2023,36000,전라남도,전라남도,전라남도,39.2,47.2,22.9,25.6,5.8,5.8,,,,,,,,,,,22.3,23.0,,False
2023,37000,경상북도,경상북도,경상북도,38.4,45.9,21.0,23.9,7.5,7.5,,,,,,,,,,,26.1,28.2,,False
2023,38000,경상남도,경상남도,경상남도,39.7,45.4,22.5,24.5,7.4,7.6,,,,,,,,,,,24.0,24.6,,False
2023,39000,제주특별자치도,제주특별자치도,제주특별자치도,46.5,51.9,22.5,23.5,5.0,5.1,,,,,,,,,,,37.3,35.9,,False
2024,0,전국,전국,전국,44.2,49.4,22.3,24.2,6.9,6.6,7.0,6.4,,,0.948,0.96,7.1,7.2,13.4,14.0,,,,True
2024,11000,서울특별시,서울특별시,서울특별시,47.8,51.6,24.0,25.9,7.5,7.3,6.6,6.3,,,0.95,0.959,7.1,7.2,15.5,15.8,,,,False
2024,21000,부산광역시,부산광역시,부산광역시,40.8,47.9,20.3,22.6,6.8,6.3,7.0,6.2,,,0.945,0.962,7.0,7.1,15.2,15.3,,,,False
2024,22000,대구광역시,대구광역시,대구광역시,46.9,54.1,20.2,21.9,5.6,5.4,5.6,5.1,,,0.952,0.965,7.0,7.1,12.9,12.5,,,,False
2024,23000,인천광역시,인천광역시,인천광역시,40.9,45.1,23.9,25.5,6.9,6.4,9.0,8.3,,,0.952,0.962,7.1,7.2,13.4,14.7,,,,False
2024,24000,광주광역시,광주광역시,광주광역시,51.3,56.7,23.0,24.7,5.6,5.0,5.6,4.9,,,0.959,0.97,7.0,7.1,8.9,9.6,,,,False
2024,25000,대전광역시,대전광역시,대전광역시,53.7,59.7,24.3,25.4,6.1,5.9,5.2,4.9,,,0.957,0.967,7.2,7.3,10.7,10.7,,,,False
2024,26000,울산광역시,울산광역시,울산광역시,41.9,46.1,20.3,22.2,7.5,7.2,8.3,7.8,,,0.953,0.96,7.0,7.1,14.0,13.8,,,,False
2024,29000,세종특별자치시,세종특별자치시,세종특별자치시,45.3,48.1,22.8,23.8,7.5,7.4,10.6,10.2,,,0.944,0.948,7.4,7.4,17.9,16.7,,,,False
2024,31000,경기도,경기도,경기도,44.9,49.0,23.6,24.9,7.1,6.9,7.1,6.6,,,0.952,0.96,7.1,7.2,13.3,14.0,,,,False
2024,32000,강원도,강원도,강원도,38.2,44.4,20.9,24.4,6.7,6.3,6.8,6.1,,,0.94,0.958,7.1,7.2,11.4,11.5,,,,False
2024,33000,충청북도,충청북도,충청북도,43.8,49.9,20.1,21.9,6.7,6.5,6.8,5.8,,,0.945,0.961,7.2,7.2,12.7,13.4,,,,False
2024,34000,충청남도,충청남도,충청남도,39.3,45.4,22.4,24.6,8.2,7.6,9.6,8.5,,,0.931,0.948,7.1,7.1,15.6,16.5,,,,False
2024,35000,전라북도,전라북도,전라북도,41.0,48.5,22.7,24.8,6.9,6.1,7.4,5.9,,,0.938,0.96,7.0,7.1,12.9,12.0,,,,False
2024,36000,전라남도,전라남도,전라남도,40.7,49.0,19.9,21.9,5.1,5.0,6.4,5.1,,,0.935,0.961,7.1,7.2,7.9,7.8,,,,False
2024,37000,경상북도,경상북도,경상북도,38.7,46.5,19.3,21.6,7.1,6.8,7.0,6.3,,,0.94,0.96,7.0,7.2,11.4,12.0,,,,False
2024,38000,경상남도,경상남도,경상남도,41.1,47.3,18.9,20.5,6.0,5.6,6.2,5.5,,,0.95,0.965,7.1,7.2,11.7,12.1,,,,False
2024,39000,제주특별자치도,제주특별자치도,제주특별자치도,51.3,56.5,23.3,25.8,5.1,4.9,6.1,5.7,,,0.95,0.961,7.2,7.3,13.5,14.0,,,,False
