year,region_code,sido_nia,internet_use_rate,mobile_internet_use_rate,smartphone_use_rate,source_family,sido_chs,subjective_health_std,stress_std,depression_std,depression_counseling_std,stress_counseling_std,suicide_ideation_std,happiness_std,eq5d_std,aged_pop_rate,elderly_living_alone_household_rate,unemployment_rate,psychiatry_specialists_count,psychiatry_clinic_count,log1p_psychiatry_specialists_count,log1p_psychiatry_clinic_count
2021,seoul,서울특별시,93.2,92.6,92.3,NIA Internet Usage Survey,서울특별시,52.9,28.0,6.8,,,,,,16.8,7.05209,4.8,1037,486,6.945051063725834,6.18826412308259
2021,busan,부산광역시,96.1,95.7,95.2,NIA Internet Usage Survey,부산광역시,46.9,25.7,6.9,,,,,,20.4,10.35012,3.4,307,125,5.730099782973574,4.836281906951478
2021,daegu,대구광역시,93.5,93.4,93.0,NIA Internet Usage Survey,대구광역시,47.4,24.2,5.8,,,,,,17.5,9.1272,3.7,196,71,5.2832037287379885,4.276666119016055
2021,incheon,인천광역시,93.9,93.8,93.5,NIA Internet Usage Survey,인천광역시,45.6,29.5,8.8,,,,,,14.8,7.16875,4.0,171,52,5.147494476813453,3.970291913552122
2021,gwangju,광주광역시,95.2,95.2,94.5,NIA Internet Usage Survey,광주광역시,48.6,27.7,6.3,,,,,,14.8,7.61662,3.6,114,43,4.74493212836325,3.784189633918261
2021,daejeon,대전광역시,92.1,91.9,91.7,NIA Internet Usage Survey,대전광역시,55.2,24.0,6.5,,,,,,15.2,7.2281,3.3,132,61,4.890349128221754,4.127134385045092
2021,ulsan,울산광역시,97.9,97.9,97.6,NIA Internet Usage Survey,울산광역시,48.6,24.8,6.3,,,,,,13.6,6.86172,3.6,57,17,4.060443010546419,2.8903717578961645
2021,sejong,세종특별자치시,89.4,89.4,89.2,NIA Internet Usage Survey,세종특별자치시,48.9,25.5,6.6,,,,,,10.1,4.38556,2.1,17,9,2.8903717578961645,2.302585092994046
2021,gyeonggi,경기도,94.3,93.7,93.4,NIA Internet Usage Survey,경기도,48.6,28.1,7.1,,,,,,13.9,6.24442,3.7,830,291,6.7226297948554485,5.676753802268282
2021,gangwon,강원특별자치도,82.0,81.6,81.3,NIA Internet Usage Survey,강원도,48.0,28.3,7.2,,,,,,21.7,11.40134,3.6,96,21,4.574710978503383,3.091042453358316
2021,chungbuk,충청북도,91.5,91.2,90.7,NIA Internet Usage Survey,충청북도,47.8,27.2,7.3,,,,,,18.9,9.80088,2.5,110,30,4.709530201312334,3.4339872044851463
2021,chungnam,충청남도,91.1,90.8,90.3,NIA Internet Usage Survey,충청남도,48.4,27.0,8.1,,,,,,19.8,10.09202,2.3,125,30,4.836281906951478,3.4339872044851463
2021,jeonbuk,전북특별자치도,89.7,89.6,89.2,NIA Internet Usage Survey,전라북도,43.9,26.2,7.6,,,,,,22.3,12.20952,2.2,136,49,4.919980925828125,3.912023005428146
2021,jeonnam,전라남도,86.6,86.6,86.1,NIA Internet Usage Survey,전라남도,48.7,23.7,5.1,,,,,,24.3,14.39298,2.3,126,22,4.844187086458591,3.1354942159291497
2021,gyeongbuk,경상북도,91.4,91.3,90.7,NIA Internet Usage Survey,경상북도,47.4,24.7,6.0,,,,,,22.7,12.43917,3.2,176,29,5.176149732573829,3.4011973816621555
2021,gyeongnam,경상남도,94.9,94.8,94.2,NIA Internet Usage Survey,경상남도,45.6,24.9,7.1,,,,,,18.4,10.56366,4.1,238,54,5.476463551931511,4.007333185232471
2021,jeju,제주특별자치도,87.8,87.5,87.3,NIA Internet Usage Survey,제주특별자치도,52.5,25.3,5.8,,,,,,16.3,7.58108,3.1,36,17,3.6109179126442243,2.8903717578961645
2022,seoul,서울특별시,92.0,91.2,91.1,NIA Internet Usage Survey,서울특별시,54.5,25.7,7.1,31.1,,,,0.958,17.6,7.540515338812311,3.4,1106,534,7.009408932708637,6.282266746896006
2022,busan,부산광역시,95.5,94.8,95.1,NIA Internet Usage Survey,부산광역시,49.5,22.8,7.5,28.6,,,,0.959,21.5,11.093122442284116,3.0,308,137,5.733341276897746,4.927253685157205
2022,daegu,대구광역시,95.6,95.2,95.4,NIA Internet Usage Survey,대구광역시,50.0,22.6,6.1,28.0,,,,0.967,18.4,9.803489000172137,2.9,197,74,5.288267030694535,4.31748811353631
2022,incheon,인천광역시,93.6,88.7,88.1,NIA Internet Usage Survey,인천광역시,46.8,26.3,8.0,20.4,,,,0.955,15.6,7.726940269523909,3.3,170,55,5.14166355650266,4.02535169073515
2022,gwangju,광주광역시,98.6,98.1,98.0,NIA Internet Usage Survey,광주광역시,48.2,25.9,6.3,23.0,,,,0.96,15.6,8.17807243298056,2.9,115,43,4.7535901911063645,3.784189633918261
2022,daejeon,대전광역시,93.8,93.0,93.0,NIA Internet Usage Survey,대전광역시,58.3,24.5,6.7,34.3,,,,0.959,16.1,7.792579438616247,2.4,138,64,4.9344739331306915,4.174387269895637
2022,ulsan,울산광역시,97.9,97.5,97.1,NIA Internet Usage Survey,울산광역시,48.2,21.9,7.8,25.2,,,,0.954,14.7,7.481530755642095,3.2,58,17,4.07753744390572,2.8903717578961645
2022,sejong,세종특별자치시,89.7,88.6,88.3,NIA Internet Usage Survey,세종특별자치시,62.1,20.1,4.1,17.2,,,,0.964,10.5,4.622157006603081,2.0,19,11,2.995732273553991,2.4849066497880004
2022,gyeonggi,경기도,93.0,90.2,90.0,NIA Internet Usage Survey,경기도,50.5,24.6,7.1,27.0,,,,0.959,14.7,6.738718204655737,2.7,859,313,6.756932389247553,5.749392985908253
2022,gangwon,강원특별자치도,83.1,88.6,88.9,NIA Internet Usage Survey,강원도,48.0,25.5,7.1,23.4,,,,0.954,22.8,12.169602639820702,3.2,90,22,4.51085950651685,3.1354942159291497
2022,chungbuk,충청북도,93.5,92.7,92.9,NIA Internet Usage Survey,충청북도,50.9,25.2,7.8,22.2,,,,0.956,19.9,10.40980955191356,2.5,111,32,4.718498871295094,3.4965075614664802
2022,chungnam,충청남도,92.3,87.2,87.7,NIA Internet Usage Survey,충청남도,48.7,25.4,7.9,28.4,,,,0.95,20.6,10.650761781032244,2.3,125,31,4.836281906951478,3.4657359027997265
2022,jeonbuk,전북특별자치도,92.7,97.8,98.0,NIA Internet Usage Survey,전라북도,48.8,24.9,7.8,21.3,,,,0.957,23.2,12.838313959469192,2.4,135,50,4.912654885736052,3.9318256327243257
2022,jeonnam,전라남도,85.7,96.0,96.7,NIA Internet Usage Survey,전라남도,53.5,21.5,5.8,26.8,,,,0.964,25.2,14.953386563350303,2.2,123,24,4.820281565605037,3.2188758248682006
2022,gyeongbuk,경상북도,93.9,93.5,93.6,NIA Internet Usage Survey,경상북도,46.1,23.4,6.8,23.7,,,,0.961,23.8,13.089189286516577,2.5,175,30,5.170483995038151,3.4339872044851463
2022,gyeongnam,경상남도,94.0,91.8,92.0,NIA Internet Usage Survey,경상남도,46.3,23.1,6.9,23.4,,,,0.958,19.5,11.217873227785564,3.3,243,57,5.497168225293202,4.060443010546419
2022,jeju,제주특별자치도,96.0,98.8,99.0,NIA Internet Usage Survey,제주특별자치도,49.5,25.0,5.7,24.6,,,,0.965,17.1,8.023893565028509,2.1,36,19,3.6109179126442243,2.995732273553991
2023,seoul,서울특별시,93.2,92.5,90.7,NIA Internet Usage Survey,서울특별시,53.7,27.1,8.3,33.5,,,,,18.5,8.072803676014853,2.7,1161,560,7.057897937411856,6.329720905522696
2023,busan,부산광역시,94.8,94.5,94.1,NIA Internet Usage Survey,부산광역시,47.0,23.9,7.7,30.3,,,,,22.6,11.935142409347897,3.1,314,139,5.752572638825633,4.941642422609304
2023,daegu,대구광역시,98.4,98.4,97.7,NIA Internet Usage Survey,대구광역시,48.3,23.8,6.7,31.1,,,,,19.6,10.551102456549218,3.1,208,78,5.342334251964811,4.3694478524670215
2023,incheon,인천광역시,93.6,93.1,91.7,NIA Internet Usage Survey,인천광역시,47.4,27.0,6.5,25.5,,,,,16.6,8.252506907278242,3.2,185,60,5.225746673713202,4.110873864173311
2023,gwangju,광주광역시,96.7,96.4,95.7,NIA Internet Usage Survey,광주광역시,50.8,24.7,7.0,25.4,,,,,16.5,8.930659876800902,2.5,116,46,4.762173934797756,3.8501476017100584
2023,daejeon,대전광역시,96.8,96.4,94.9,NIA Internet Usage Survey,대전광역시,59.6,28.3,7.9,28.0,,,,,17.0,8.26347835781121,2.8,139,67,4.941642422609304,4.219507705176107
2023,ulsan,울산광역시,97.2,96.5,96.2,NIA Internet Usage Survey,울산광역시,45.1,25.8,8.6,20.8,,,,,15.9,8.073490217820744,3.4,63,20,4.1588830833596715,3.044522437723423
2023,sejong,세종특별자치시,95.6,95.4,93.7,NIA Internet Usage Survey,세종특별자치시,49.8,25.8,8.8,28.4,,,,,11.0,4.91613612538672,2.0,22,13,3.1354942159291497,2.6390573296152584
2023,gyeonggi,경기도,93.2,92.5,91.0,NIA Internet Usage Survey,경기도,47.4,27.7,7.7,28.7,,,,,15.6,7.38691322074231,2.6,875,333,6.775366090936392,5.811140992976701
2023,gangwon,강원특별자치도,90.9,90.4,88.3,NIA Internet Usage Survey,강원도,46.9,27.2,8.6,28.1,,,,,24.0,13.115648401368825,2.8,87,22,4.477336814478207,3.1354942159291497
2023,chungbuk,충청북도,95.4,94.9,92.9,NIA Internet Usage Survey,충청북도,48.6,26.3,7.5,29.7,,,,,20.8,10.987447082949776,2.3,114,35,4.74493212836325,3.58351893845611
2023,chungnam,충청남도,95.2,94.7,93.3,NIA Internet Usage Survey,충청남도,46.2,27.7,8.3,25.0,,,,,21.3,11.12909023635112,2.6,124,33,4.8283137373023015,3.5263605246161616
2023,jeonbuk,전북특별자치도,93.6,93.5,93.0,NIA Internet Usage Survey,전라북도,45.6,26.5,9.4,29.3,,,,,24.1,13.482253503225191,2.5,131,51,4.882801922586371,3.9512437185814275
2023,jeonnam,전라남도,90.6,90.4,89.5,NIA Internet Usage Survey,전라남도,47.2,25.6,5.8,23.0,,,,,26.1,15.544047329400982,2.2,118,26,4.77912349311153,3.295836866004329
2023,gyeongbuk,경상북도,94.9,94.7,94.0,NIA Internet Usage Survey,경상북도,45.9,23.9,7.5,28.2,,,,,24.7,13.622048459018304,2.6,173,30,5.159055299214529,3.4339872044851463
2023,gyeongnam,경상남도,94.7,94.6,93.5,NIA Internet Usage Survey,경상남도,45.4,24.5,7.6,24.6,,,,,20.6,11.987744895605196,2.5,242,57,5.493061443340548,4.060443010546419
2023,jeju,제주특별자치도,89.9,89.6,87.3,NIA Internet Usage Survey,제주특별자치도,51.9,23.5,5.1,35.9,,,,,17.9,8.481396978244076,1.9,41,22,3.7376696182833684,3.1354942159291497
